2025-06-24T13:54:40.130189,Bot Started
2025-06-24T13:56:37.809080,Golden Cookie Clicked
2025-06-24T13:57:04.440919,Bot Stopped
2025-06-24T13:57:38.419910,Bot Started
2025-06-24T13:58:39.857561,Golden Cookie Clicked
2025-06-24T14:00:56.498532,Golden Cookie Clicked
2025-06-24T14:03:15.678771,Golden Cookie Clicked
2025-06-24T14:05:35.308419,Golden Cookie Clicked
2025-06-24T14:07:48.625116,Golden Cookie Clicked
2025-06-24T14:09:58.806336,Golden Cookie Clicked
2025-06-24T14:12:12.101792,Golden Cookie Clicked
2025-06-24T14:14:22.123775,Golden Cookie Clicked
2025-06-24T14:14:25.208071,Golden Cookie Clicked
2025-06-24T14:14:28.289096,Golden Cookie Clicked
2025-06-24T14:14:28.398138,Golden Cookie Clicked
2025-06-24T14:16:29.477356,Golden Cookie Clicked
2025-06-24T14:17:36.330769,Bot Stopped
2025-06-24T14:22:36.183095,Bot Started
2025-06-24T14:22:38.594875,Golden Cookie Clicked
2025-06-24T14:24:55.193592,Golden Cookie Clicked
2025-06-24T14:26:53.040187,Golden Cookie Clicked
2025-06-24T14:29:03.198993,Golden Cookie Clicked
2025-06-24T14:31:22.845397,Golden Cookie Clicked
2025-06-24T14:31:25.983247,Golden Cookie Clicked
2025-06-24T14:33:23.709708,Golden Cookie Clicked
2025-06-24T14:35:30.804919,Golden Cookie Clicked
2025-06-24T14:37:46.917590,Golden Cookie Clicked
2025-06-24T14:39:50.856762,Golden Cookie Clicked
2025-06-24T14:42:10.353166,Golden Cookie Clicked
2025-06-24T14:44:17.166650,Golden Cookie Clicked
2025-06-24T14:46:30.273718,Golden Cookie Clicked
2025-06-24T14:48:05.087874,Bot Stopped
2025-06-24T14:52:26.384378,Bot Started
2025-06-24T14:53:19.036969,Bot Started
2025-06-24T14:53:40.289297,Golden Cookie Clicked
2025-06-24T14:55:47.237808,Golden Cookie Clicked
2025-06-24T14:55:50.353561,Golden Cookie Clicked
2025-06-24T14:58:04.945229,Golden Cookie Clicked
2025-06-24T15:00:02.447460,Bot Stopped
2025-06-24T15:02:32.598354,Bot Started
2025-06-24T15:03:27.854181,Bot Stopped
2025-06-24T15:04:24.765217,Bot Started
2025-06-24T15:04:30.348718,Golden Cookie Clicked
2025-06-24T15:04:39.399004,Bot Stopped
2025-06-24T15:04:56.510098,Bot Started
2025-06-24T15:05:05.370529,Golden Cookie Clicked
2025-06-24T15:05:16.578475,Bot Stopped
2025-06-24T15:06:18.373903,Bot Started
2025-06-24T15:06:20.794571,Golden Cookie Clicked
2025-06-24T15:08:19.598385,Bot Stopped
2025-06-24T15:09:19.100844,Bot Started
2025-06-24T15:11:32.988016,Golden Cookie Clicked
2025-06-24T15:12:18.587488,Bot Stopped
2025-06-24T15:15:14.084381,Bot Started
2025-06-24T15:17:26.998118,Golden Cookie Clicked
2025-06-24T15:19:27.917929,Golden Cookie Clicked
2025-06-24T15:21:53.696263,Golden Cookie Clicked
2025-06-24T15:22:37.910501,Bot Stopped
